{ "infected":{"CN":"14462","JP":"20","TH":"19","SG":"18","KR":"15","HK":"14","AU":"12","DE":"10","TW":"10","MO":"8","MY":"8","US":"8","VN":"7","FR":"6","AE":"5","CA":"4","IN":"2","IT":"2","PH":"2","RU":"2","GB":"2","KH":"1","FI":"1","NP":"1","LK":"1","SE":"1"},"death":{"CN":"304","JP":"0","TH":"0","SG":"0","KR":"0","HK":"0","AU":"0","DE":"0","TW":"0","MO":"0","MY":"0","US":"0","VN":"0","FR":"0","AE":"0","CA":"0","IN":"0","IT":"0","PH":"1","RU":"0","GB":"0","KH":"0","FI":"0","NP":"0","LK":"0","SE":"0"},"ctrs":{"CN":"China","JP":"Japan","TH":"Thailand","SG":"Singapore","KR":"South Korea","HK":"Hong Kong","AU":"Australia","DE":"Germany","TW":"Taiwan","MO":"Macau","MY":"Malaysia","US":"United States","VN":"Vietnam","FR":"France","AE":"United Arab Emirates","CA":"Canada","IN":"India","IT":"Italy","PH":"Philippines","RU":"Russia","GB":"United Kingdom","KH":"Cambodia","FI":"Finland","NP":"Nepal","LK":"Sri Lanka","SE":"Sweden"}}