{
	"route": [
		{"num":"0", "point1":"0", "point2":"3", "color":"#FF0000", "date":"2020.01.19", "person_num":"1", "save":"0"},
		{"num":"1", "point1":"3", "point2":"5", "color":"#0000FF", "date":"2020.01.19", "person_num":"1", "save":"1"},
		
		{"num":"2", "point1":"0", "point2":"1", "color":"#FF0000", "date":"2020.01.22", "person_num":"2", "save":"0"},
		{"num":"3", "point1":"1", "point2":"4", "color":"#FF0000", "date":"2020.01.22", "person_num":"2", "save":"0"},
		{"num":"4", "point1":"4", "point2":"7", "color":"#FF0000", "date":"2020.01.23", "person_num":"2", "save":"0"},
		{"num":"5", "point1":"7", "point2":"6", "color":"#0000FF", "date":"2020.01.24", "person_num":"2", "save":"1"},
		
		{"num":"6", "point1":"0", "point2":"2", "color":"#FF0000", "date":"2020.01.20", "person_num":"3", "save":"0"},
		{"num":"7", "point1":"2", "point2":"3", "color":"#FF0000", "date":"2020.01.20", "person_num":"3", "save":"0"},
		{"num":"8", "point1":"3", "point2":"8", "color":"#FF0000", "date":"2020.01.22", "person_num":"3", "save":"0"},
		{"num":"9", "point1":"8", "point2":"29", "color":"#FF0000", "date":"2020.01.22", "person_num":"3", "save":"0"},
		{"num":"10", "point1":"29", "point2":"9", "color":"#FF0000", "date":"2020.01.22", "person_num":"3", "save":"0"},
		{"num":"11", "point1":"9", "point2":"10", "color":"#FF0000", "date":"2020.01.23", "person_num":"3", "save":"0"},
		{"num":"12", "point1":"10", "point2":"11", "color":"#FF0000", "date":"2020.01.23", "person_num":"3", "save":"0"},
		{"num":"13", "point1":"11", "point2":"12", "color":"#FF0000", "date":"2020.01.23", "person_num":"3", "save":"0"},
		{"num":"14", "point1":"12", "point2":"13", "color":"#FF0000", "date":"2020.01.23", "person_num":"3", "save":"0"},
		{"num":"15", "point1":"13", "point2":"8", "color":"#FF0000", "date":"2020.01.24", "person_num":"3", "save":"0"},
		{"num":"16", "point1":"8", "point2":"14", "color":"#FF0000", "date":"2020.01.24", "person_num":"3", "save":"0"},
		{"num":"17", "point1":"14", "point2":"15", "color":"#0000FF", "date":"2020.01.25", "person_num":"3", "save":"1"},
		
		
		{"num":"18", "point1":"0", "point2":"3", "color":"#FF0000", "date":"2020.01.20", "person_num":"4", "save":"0"},
		{"num":"19", "point1":"3", "point2":"16", "color":"#FF0000", "date":"2020.01.20", "person_num":"4", "save":"0"},
		{"num":"20", "point1":"16", "point2":"17", "color":"#FF0000", "date":"2020.01.21", "person_num":"4", "save":"0"},
		{"num":"21", "point1":"17", "point2":"18", "color":"#FF0000", "date":"2020.01.26", "person_num":"4", "save":"0"},
		{"num":"22", "point1":"18", "point2":"19", "color":"#0000FF", "date":"2020.01.26", "person_num":"4", "save":"1"},
		
		{"num":"23", "point1":"20", "point2":"4", "color":"#0000FF", "date":"2020.01.31", "person_num":"0", "save":"1"},
		{"num":"24", "point1":"4", "point2":"6", "color":"#0000FF", "date":"2020.01.31", "person_num":"0", "save":"1"},
		{"num":"25", "point1":"4", "point2":"21", "color":"#0000FF", "date":"2020.01.31", "person_num":"0", "save":"1"},
		{"num":"26", "point1":"4", "point2":"22", "color":"#0000FF", "date":"2020.01.31", "person_num":"0", "save":"1"},
		{"num":"27", "point1":"4", "point2":"23", "color":"#0000FF", "date":"2020.01.31", "person_num":"0", "save":"1"},
		
		{"num":"28", "point1":"0", "point2":"24", "color":"#FF0000", "date":"2020.01.23", "person_num":"5", "save":"0"},
		{"num":"29", "point1":"24", "point2":"3", "color":"#FF0000", "date":"2020.01.23", "person_num":"5", "save":"0"},
		{"num":"30", "point1":"3", "point2":"37", "color":"#FF0000", "date":"2020.01.26", "person_num":"5", "save":"0"},
		{"num":"31", "point1":"37", "point2":"25", "color":"#FF0000", "date":"2020.01.26", "person_num":"5", "save":"0"},
		{"num":"32", "point1":"25", "point2":"38", "color":"#FF0000", "date":"2020.01.26", "person_num":"5", "save":"0"},
		{"num":"30", "point1":"38", "point2":"35", "color":"#FF0000", "date":"2020.01.26", "person_num":"5", "save":"0"},
		{"num":"31", "point1":"35", "point2":"58", "color":"#FF0000", "date":"2020.01.26", "person_num":"5", "save":"0"},
		{"num":"32", "point1":"58", "point2":"36", "color":"#FF0000", "date":"2020.01.26", "person_num":"5", "save":"0"},
		{"num":"33", "point1":"35", "point2":"39", "color":"#FF0000", "date":"2020.01.27", "person_num":"5", "save":"0"},
		{"num":"34", "point1":"39", "point2":"36", "color":"#FF0000", "date":"2020.01.27", "person_num":"5", "save":"0"},
		{"num":"35", "point1":"36", "point2":"40", "color":"#FF0000", "date":"2020.01.27", "person_num":"5", "save":"0"},
		{"num":"36", "point1":"40", "point2":"35", "color":"#FF0000", "date":"2020.01.27", "person_num":"5", "save":"0"},
		{"num":"37", "point1":"35", "point2":"41", "color":"#FF0000", "date":"2020.01.28", "person_num":"5", "save":"0"},
		{"num":"38", "point1":"41", "point2":"42", "color":"#FF0000", "date":"2020.01.28", "person_num":"5", "save":"0"},
		{"num":"39", "point1":"42", "point2":"43", "color":"#FF0000", "date":"2020.01.28", "person_num":"5", "save":"0"},
		{"num":"40", "point1":"43", "point2":"44", "color":"#FF0000", "date":"2020.01.28", "person_num":"5", "save":"0"},
		{"num":"41", "point1":"44", "point2":"26", "color":"#FF0000", "date":"2020.01.28", "person_num":"5", "save":"0"},
		{"num":"42", "point1":"26", "point2":"27", "color":"#FF0000", "date":"2020.01.29", "person_num":"5", "save":"0"},
		{"num":"43", "point1":"26", "point2":"28", "color":"#0000FF", "date":"2020.01.30", "person_num":"5", "save":"1"},
		
		{"num":"44", "point1":"29", "point2":"30", "color":"#FF0000", "date":"2020.01.22", "person_num":"6", "save":"0"},
		{"num":"45", "point1":"30", "point2":"31", "color":"#FF0000", "date":"2020.01.26", "person_num":"6", "save":"0"},
		{"num":"46", "point1":"31", "point2":"32", "color":"#FF0000", "date":"2020.01.26", "person_num":"6", "save":"0"},
		{"num":"47", "point1":"32", "point2":"30", "color":"#FF0000", "date":"2020.01.26", "person_num":"6", "save":"1"},
		{"num":"48", "point1":"30", "point2":"19", "color":"#0000FF", "date":"2020.01.30", "person_num":"6", "save":"1"},
		
		{"num":"49", "point1":"0", "point2":"2", "color":"#FF0000", "date":"2020.01.23", "person_num":"7", "save":"0"},
		{"num":"50", "point1":"2", "point2":"3", "color":"#FF0000", "date":"2020.01.23", "person_num":"7", "save":"0"},
		{"num":"51", "point1":"3", "point2":"33", "color":"#FF0000", "date":"2020.01.23", "person_num":"7", "save":"0"},
		{"num":"52", "point1":"33", "point2":"34", "color":"#0000FF", "date":"2020.01.29", "person_num":"7", "save":"1"},
		{"num":"53", "point1":"33", "point2":"28", "color":"#0000FF", "date":"2020.01.30", "person_num":"7", "save":"1"},
		
		{"num":"54", "point1":"0", "point2":"2", "color":"#FF0000", "date":"2020.01.23", "person_num":"8", "save":"0"},
		{"num":"55", "point1":"2", "point2":"3", "color":"#FF0000", "date":"2020.01.23", "person_num":"8", "save":"0"},
		{"num":"56", "point1":"3", "point2":"45", "color":"#FF0000", "date":"2020.01.23", "person_num":"8", "save":"0"},
		{"num":"57", "point1":"45", "point2":"46", "color":"#FF0000", "date":"2020.01.25", "person_num":"8", "save":"0"},
		{"num":"58", "point1":"46", "point2":"48", "color":"#FF0000", "date":"2020.01.25", "person_num":"8", "save":"0"},
		{"num":"59", "point1":"48", "point2":"47", "color":"#FF0000", "date":"2020.01.25", "person_num":"8", "save":"0"},
		{"num":"60", "point1":"48", "point2":"49", "color":"#FF0000", "date":"2020.01.26", "person_num":"8", "save":"0"},
		{"num":"61", "point1":"49", "point2":"50", "color":"#FF0000", "date":"2020.01.26", "person_num":"8", "save":"0"},
		{"num":"62", "point1":"50", "point2":"48", "color":"#FF0000", "date":"2020.01.26", "person_num":"8", "save":"0"},
		{"num":"63", "point1":"48", "point2":"51", "color":"#FF0000", "date":"2020.01.27", "person_num":"8", "save":"0"},
		{"num":"64", "point1":"48", "point2":"52", "color":"#FF0000", "date":"2020.01.28", "person_num":"8", "save":"0"},
		{"num":"65", "point1":"48", "point2":"53", "color":"#FF0000", "date":"2020.01.29", "person_num":"8", "save":"0"},
		{"num":"66", "point1":"53", "point2":"54", "color":"#FF0000", "date":"2020.01.29", "person_num":"8", "save":"0"},
		{"num":"67", "point1":"54", "point2":"48", "color":"#FF0000", "date":"2020.01.29", "person_num":"8", "save":"0"},
		{"num":"68", "point1":"48", "point2":"55", "color":"#FF0000", "date":"2020.01.30", "person_num":"8", "save":"0"},
		
		{"num":"69", "point1":"56", "point2":"28", "color":"#0000FF", "date":"2020.01.31", "person_num":"9", "save":"1"},
		
		{"num":"70", "point1":"30", "point2":"57", "color":"#FF0000", "date":"2020.01.30", "person_num":"10, 11", "save":"0"},
		{"num":"71", "point1":"30", "point2":"19", "color":"#0000FF", "date":"2020.01.31", "person_num":"10, 11", "save":"1"}
	]
}